barcode	count	matched
AGCGC	2200	matched
TAGTC	2102	matched
TCGAT	2010	matched
GGTCA	1964	matched
CGCTG	1956	matched
GGATG	1839	matched
TACGC	1758	matched
CCAAT	1713	matched
ATTCC	1614	matched
GATAC	1595	matched
ATCGT	1504	matched
CTAGT	1476	matched
CCAGC	1468	matched
TAGAG	1260	matched
GGGCA	32	unmatched
GGTCC	27	unmatched
GGATT	15	unmatched
NAGAG	11	unmatched
TCTAT	11	unmatched
NAGTC	11	unmatched
NCGAT	11	unmatched
TAGTT	10	unmatched
NGCTG	10	unmatched
NGATG	10	unmatched
CGCTT	10	unmatched
NGCGC	10	unmatched
NGTCA	9	unmatched
NTAGT	9	unmatched
GGTCT	9	unmatched
TAGAT	8	unmatched
NATAC	8	unmatched
TAGAC	8	unmatched
NACGC	8	unmatched
NTCGT	7	unmatched
NTTCC	7	unmatched
TTTTT	7	unmatched
TACTC	7	unmatched
CTGGT	6	unmatched
ATCTT	5	unmatched
TATAG	5	unmatched
NCAAT	5	unmatched
TGCGC	5	unmatched
GAGAC	4	unmatched
GGTTT	4	unmatched
CCGAT	4	unmatched
ATGGT	4	unmatched
GGGTG	4	unmatched
GGACA	3	unmatched
GGATC	3	unmatched
TATTC	3	unmatched
GATAG	3	unmatched
TTGGA	3	unmatched
CCAGT	3	unmatched
TATAC	3	unmatched
GGAAG	3	unmatched
ATCCT	3	unmatched
TAGCA	3	unmatched
CGCTC	3	unmatched
ATTTC	3	unmatched
GGATA	3	unmatched
AGCAC	3	unmatched
TAGCT	3	unmatched
CGTGT	3	unmatched
TAGGC	3	unmatched
ATTTT	2	unmatched
ATTCG	2	unmatched
CTAGC	2	unmatched
ATGTC	2	unmatched
GGTTA	2	unmatched
GGTTC	2	unmatched
TACGG	2	unmatched
CGGTG	2	unmatched
ACGCT	2	unmatched
TAGTG	2	unmatched
ATCTA	2	unmatched
TGATT	2	unmatched
ATCGA	2	unmatched
TCGTT	2	unmatched
TAAAG	2	unmatched
TTTTG	2	unmatched
GGCGC	2	unmatched
CCTTC	2	unmatched
CCACT	2	unmatched
ATGTT	2	unmatched
TAAGC	2	unmatched
CCATT	2	unmatched
TACGT	2	unmatched
CGTCA	2	unmatched
TCTCT	2	unmatched
AACGC	2	unmatched
TATCT	2	unmatched
TTGAC	2	unmatched
CGTCC	2	unmatched
AGCCT	2	unmatched
ATTCT	2	unmatched
ATCCC	2	unmatched
GGTGT	2	unmatched
TTGCT	2	unmatched
TACAC	2	unmatched
CAAGC	2	unmatched
GATTT	2	unmatched
ATGCA	2	unmatched
NTCCT	1	unmatched
TTGTC	1	unmatched
GCTCA	1	unmatched
ATCAT	1	unmatched
TATAT	1	unmatched
GACTA	1	unmatched
GGAAA	1	unmatched
TCGTC	1	unmatched
CCATC	1	unmatched
ACTAT	1	unmatched
GTCCT	1	unmatched
TGAGA	1	unmatched
CCAGG	1	unmatched
CTTGA	1	unmatched
ATTAT	1	unmatched
CGCGG	1	unmatched
TCGGC	1	unmatched
CCTTG	1	unmatched
CTAAC	1	unmatched
CGCCA	1	unmatched
NCAGC	1	unmatched
GGACT	1	unmatched
GCGCA	1	unmatched
AGGGC	1	unmatched
CGGAA	1	unmatched
CAAAT	1	unmatched
TCCGC	1	unmatched
CGACA	1	unmatched
TTCCT	1	unmatched
ATACT	1	unmatched
TAAAA	1	unmatched
TATGC	1	unmatched
TCCGA	1	unmatched
CCGCT	1	unmatched
CCGGT	1	unmatched
TCGGA	1	unmatched
TCAAT	1	unmatched
TTATC	1	unmatched
ATTGT	1	unmatched
AACTC	1	unmatched
TTCAG	1	unmatched
GCAAT	1	unmatched
TTTCA	1	unmatched
GCTGC	1	unmatched
ATTTA	1	unmatched
ATTTG	1	unmatched
GGGTT	1	unmatched
CACGC	1	unmatched
CAAAA	1	unmatched
AGAAA	1	unmatched
TAAAT	1	unmatched
NTATT	1	unmatched
AGTCA	1	unmatched
CTCCC	1	unmatched
GGCTT	1	unmatched
CTTAG	1	unmatched
GGGAA	1	unmatched
GATAT	1	unmatched
CGATT	1	unmatched
CCCGC	1	unmatched
GTCTA	1	unmatched
CAGTC	1	unmatched
CCTCA	1	unmatched
AAGAC	1	unmatched
GGTCG	1	unmatched
CGTTT	1	unmatched
AGCTG	1	unmatched
TTAGA	1	unmatched
ATTGA	1	unmatched
GTTTT	1	unmatched
CATTC	1	unmatched
TGCTG	1	unmatched
GGGCT	1	unmatched
TCGTA	1	unmatched
TAGTA	1	unmatched
TAATC	1	unmatched
CCGGC	1	unmatched
GCTCT	1	unmatched
ATGAT	1	unmatched
CTAAG	1	unmatched
ATGCC	1	unmatched
CAGTT	1	unmatched
CTTCC	1	unmatched
CTTGG	1	unmatched
GACGC	1	unmatched
GTCGT	1	unmatched
TGGAA	1	unmatched
GCCGC	1	unmatched
CAAGG	1	unmatched
AGCCG	1	unmatched
GATCG	1	unmatched
AGTTG	1	unmatched
GGTAG	1	unmatched
CAATG	1	unmatched
CGTCG	1	unmatched
GCAGC	1	unmatched
CGTTC	1	unmatched
CGAGC	1	unmatched
CCCTA	1	unmatched
CTTTT	1	unmatched
TATTT	1	unmatched
AGCTC	1	unmatched
TGAGT	1	unmatched
TCTTA	1	unmatched
TTCCA	1	unmatched
GTGCA	1	unmatched
TAGGT	1	unmatched
ATGGA	1	unmatched
GTTTC	1	unmatched
TGCTT	1	unmatched
GCTGT	1	unmatched
GACAC	1	unmatched
NTCTT	1	unmatched
